{
  "manifest": {
    "apis": {
      "custom": {
        "endpoint": {
          "uri": "arn:aws:lambda:us-east-1:698623224749:function:73394d9a-1f68-4189-8fed-ae02a4be2e28:Release_0"
        },
        "interfaces": [],
        "regions": {
          "NA": {
            "endpoint": {
              "uri": "arn:aws:lambda:us-east-1:698623224749:function:73394d9a-1f68-4189-8fed-ae02a4be2e28:Release_0"
            }
          },
          "EU": {
            "endpoint": {
              "uri": "arn:aws:lambda:eu-west-1:698623224749:function:73394d9a-1f68-4189-8fed-ae02a4be2e28:Release_0"
            }
          },
          "FE": {
            "endpoint": {
              "uri": "arn:aws:lambda:us-west-2:698623224749:function:73394d9a-1f68-4189-8fed-ae02a4be2e28:Release_0"
            }
          }
        }
      }
    },
    "manifestVersion": "1.0",
    "privacyAndCompliance": {
      "allowsPurchases": false,
      "containsAds": false,
      "isChildDirected": false,
      "isExportCompliant": true,
      "locales": {
        "en-US": {}
      },
      "usesPersonalInfo": false
    },
    "publishingInformation": {
      "automaticDistribution": {
        "isActive": true,
        "sourceLocaleForLanguages": [
          {
            "language": "en",
            "sourceLocale": "en-US"
          }
        ]
      },
      "category": "KNOWLEDGE_AND_TRIVIA",
      "distributionCountries": [],
      "distributionMode": "PUBLIC",
      "isAvailableWorldwide": true,
      "locales": {
        "en-US": {
          "description": "Sample Full Description",
          "examplePhrases": [
            "Alexa open hello world",
            "hello",
            "help"
          ],
          "keywords": [],
          "name": "Jokes",
          "summary": "Sample Short Description"
        }
      },
      "testingInstructions": "Sample Testing Instructions."
    }
  }
}